Directory Name,Priority,RA,Dec,Start Time,End Time,Obs Duration,Exposure Time,Filter,Binning,Completion
Gaia_DR3_526331891194068736,5,13.10774,67.40229,2024:09:24:01:00,2024:09:24:10:00,255,30,1,1,1
Gaia_DR3_3309978501567767808,5,69.61597,16.00291,2024:09:24:01:00,2024:09:24:10:00,550,30,1,2,0
Gaia_DR3_954259956994226816,5,104.63931,45.84032,2024:09:24:01:00,2024:09:24:10:00,485,30,1,2,0
Gaia_DR3_1081127557137725696,5,120.33789,56.39982,2024:09:24:01:00,2024:09:24:10:00,336,30,1,2,0
Gaia_DR3_2262123063936475904,5,288.7223,69.4481,2024:09:24:01:00,2024:09:24:10:00,592,30,1,2,0
Gaia_DR3_1829270006385229440,5,305.4616,22.27256,2024:09:24:01:00,2024:09:24:10:00,474,30,1,2,0
Gaia_DR3_2173367633501430272,5,324.57235,52.95535,2024:09:24:01:00,2024:09:24:10:00,528,30,1,2,0
ursa_major,8,164.2917,50.5103,2024:09:20:10:15:00,2024:09:21:00:15:00,45,30,2,2,1
